{"main":"e-commerceassignmentday3.raml","name":"e-commerceAssignmentDay3","classifier":"raml","tags":[],"groupId":"0e95805d-f939-4943-942f-101d447a960e","assetId":"e-commerceassignmentday3","version":"1.0.1","apiVersion":"v1","originalFormatVersion":"1.0","dependencies":[{"groupId":"0e95805d-f939-4943-942f-101d447a960e","assetId":"cartexamplefrag","version":"1.0.0"}],"metadata":{"projectId":"ed589cad-2bcd-4252-81bb-bad7e12ab391","branchId":"master","commitId":"5a189cf9e4c89c7f084e24f7cccbcdfb03c310ca"}}